shape_id,pt_lan,pt_lon,pt_sequence,shape_dist_traveled
1,30.65049339,-96.29131876,31,16989.71
2,30.61353389,-96.34490125,18,4385.94
3,30.62097568,-96.33822389,21,3883.9
4,30.61194066,-96.35094025,3,150.18
5,30.61235238,-96.3454377,12,1836.1
2,30.61236042,-96.34549134,11,3269.66
6,30.62851805,-96.30738519,7,4231.79
7,30.61469797,-96.34229281,16,9337.68
7,30.67302529,-96.37196877,0,0
8,30.61674986,-96.33512058,1,350.26
7,30.6736194,-96.37188964,1,66.45
3,30.62340844,-96.33868255,26,4309.14
7,30.61323751,-96.34476178,20,9879.13
9,30.61391074,-96.341578,0,0
7,30.61506677,-96.34470948,18,9668.88
7,30.67343567,-96.37017839,2,231.27
7,30.66128928,-96.37181588,3,1590.02
10,30.61352584,-96.34131782,1,20.2
7,30.61254147,-96.34559729,21,9990.33
7,30.63469116,-96.36548721,22,13100.82
7,30.6519619,-96.36248984,4,2957.12
7,30.64983759,-96.36570447,5,3344.62
7,30.63958619,-96.35820099,24,13995.07
11,30.65270487,-96.2928275,2,306.57
7,30.63773815,-96.36210763,23,13568.84
7,30.63958619,-96.35820099,6,4690.8
7,30.64983759,-96.36570447,25,15341.25
7,30.63469116,-96.36548721,8,5586.5
7,30.63746188,-96.36259445,7,5172.63
7,30.6519619,-96.36248984,26,15728.75
7,30.66128928,-96.37181588,27,17095.85
7,30.61246101,-96.34552219,9,8708.46
7,30.67243789,-96.37024143,28,18343.79
7,30.61267827,-96.34405368,11,8877.57
7,30.61252672,-96.34293788,12,8985.6
12,30.62315229,-96.33893736,14,2353.13
7,30.67259345,-96.37205326,29,18517.81
4,30.61136264,-96.35142975,22,2857.13
7,30.67302529,-96.37196877,30,18566.47
13,30.61243553,-96.34555437,23,18660.76
7,30.61594386,-96.34352796,17,9519.66
13,30.6606992,-96.37165763,12,8197.9
3,30.62174145,-96.33871876,3,250.77
7,30.61289418,-96.34214394,14,9072.71
7,30.61268497,-96.3424591,13,9034.65
7,30.61353926,-96.34132319,15,9179.01
14,30.62155906,-96.31565042,9,5324.2
13,30.61289418,-96.34214394,0,0
13,30.6135473,-96.34132989,1,106.43
13,30.61596934,-96.34334289,2,437.33
3,30.61116818,-96.34198972,13,1961.56
13,30.61501179,-96.34475642,3,609.36
13,30.61302025,-96.34454318,24,18777.26
15,30.61161879,-96.35059424,11,1523.15
13,30.64712454,-96.35796093,11,6200.5
13,30.61254147,-96.34304651,26,18932.79
11,30.61670024,-96.33506962,18,9223.79
13,30.6724513,-96.37017035,13,9511.51
13,30.61289418,-96.34214394,27,19027.59
3,30.62021259,-96.33756273,20,3778.13
13,30.67262698,-96.37206265,14,9693.42
9,30.61488975,-96.34493344,3,478.85
2,30.61496887,-96.34483152,17,4226.35
10,30.61484415,-96.34494953,4,551.91
16,30.61273996,-96.34548061,21,3947.88
17,30.61348159,-96.3448865,5,832.65
17,30.61486024,-96.34496831,4,679.25
18,30.61345342,-96.34485834,13,2418.43
4,30.60839344,-96.34598487,15,1801.07
1,30.62565614,-96.30693861,24,13175.91
10,30.60167182,-96.35764711,20,3529.14
2,30.62232081,-96.358606,24,6443.62
10,30.59922565,-96.35675394,22,3870.14
19,30.60388733,-96.34001963,18,7080.52
9,30.61247174,-96.34289496,27,7565
20,30.61848793,-96.3344849,11,2054.81
2,30.62222961,-96.35862344,3,1316.69
10,30.60954142,-96.34719186,9,1302.41
14,30.62407229,-96.31282471,8,4935.61
12,30.62112723,-96.33862086,19,2718.04
21,30.586402,-96.34378411,9,4352.75
6,30.62067393,-96.32055082,13,5992.96
22,30.60641128,-96.31639071,6,2554.31
11,30.62271241,-96.32900514,22,10244.97
8,30.62029708,-96.33764454,5,983.5
10,30.60217071,-96.35311686,14,2458.31
23,30.60291502,-96.34711542,3,1286.82
3,30.61638374,-96.3432289,19,3089.21
9,30.61354194,-96.3413366,28,7755.66
9,30.62226448,-96.35865294,20,5342.48
24,30.60733531,-96.30911924,10,3404
17,30.61012346,-96.35329657,15,2508.5
25,30.60518686,-96.32892736,4,837.6
11,30.62565614,-96.30693861,24,13175.91
11,30.61515931,-96.33733072,17,8947.97
22,30.61122853,-96.30928554,23,6621.55
21,30.60388733,-96.34001963,18,7098.63
10,30.59946168,-96.35218882,25,4395.64
9,30.61265279,-96.34572737,6,752.89
22,30.6191786,-96.30020894,16,5234.5
26,30.61115611,-96.34198569,15,3019.79
10,30.60120378,-96.35825866,21,3607.41
12,30.61635155,-96.34329998,5,1090.98
24,30.60711671,-96.31767147,5,2408.89
17,30.61127145,-96.34743862,20,3551.94
27,30.59959043,-96.32662736,8,1645.64
18,30.60927052,-96.35383972,21,3987.71
1,30.64236764,-96.29037328,7,2028.41
4,30.6104574,-96.34304919,13,1438.54
25,30.60896341,-96.33430653,1,166.3
24,30.61759722,-96.30206389,17,5510.18
18,30.61591838,-96.34336569,11,2073.29
18,30.61252672,-96.34325035,8,1515.65
20,30.62259976,-96.34023287,15,2841.56
17,30.61232958,-96.34545245,21,3775.33
3,30.61018515,-96.34342872,15,2137.28
19,30.59291709,-96.33809783,4,2491.37
19,30.59196625,-96.34420522,14,5451.63
2,30.61128218,-96.34722673,10,3064.97
9,30.61556432,-96.36588015,19,4326.63
21,30.61095897,-96.33605533,20,8168.22
10,30.59828419,-96.3544459,17,3014.33
12,30.62182594,-96.33824401,11,2069.29
1,30.61670024,-96.33506962,18,9223.79
26,30.6124771,-96.34527945,12,2616.1
17,30.61083693,-96.35414683,16,2622.07
2,30.61589826,-96.3433268,16,4049.23
4,30.60959238,-96.34698265,17,1964.95
20,30.61966274,-96.33501195,5,798.61
4,30.61113197,-96.34201252,12,1314.25
24,30.6135017,-96.30216427,13,4359.16
1,30.62571783,-96.30689837,9,4468.25
3,30.62315229,-96.33893736,27,4346.61
1,30.62271241,-96.32900514,22,10244.97
18,30.61012346,-96.35329657,23,4144.76
3,30.61291162,-96.34448417,11,1640.53
14,30.62075037,-96.32093974,12,6004.07
8,30.62122244,-96.33838617,6,1108.41
4,30.61120842,-96.3471704,7,683.7
24,30.61479319,-96.32790409,32,9041.04
22,30.60631741,-96.31401159,25,7333.93
12,30.62102798,-96.33828961,8,1901.68
12,30.61602298,-96.34341129,4,1052.95
12,30.62246431,-96.33755871,12,2165.86
16,30.61253477,-96.34268441,15,3002.45
1,30.65151397,-96.29135631,1,113.46
27,30.59545312,-96.32320352,9,2210.09
15,30.61118025,-96.34202995,21,2712.78
17,30.61349232,-96.35084101,17,3054.52
16,30.60707647,-96.34793752,26,4846.47
16,30.59929672,-96.3568344,1,251.92
16,30.60187701,-96.35305651,28,5650.67
12,30.61593715,-96.3434703,23,3582.35
16,30.61253477,-96.34333082,14,2940.63
21,30.58988888,-96.34654143,13,5148.45
25,30.610043,-96.33551084,0,0
2,30.61391074,-96.341578,15,3772.2
26,30.61280567,-96.34428837,13,2717.67
11,30.64521346,-96.28754087,27,16038.28
6,30.61905656,-96.3185861,12,5732.96
16,30.59811789,-96.3551996,2,455.9
3,30.62018309,-96.33776926,6,495.26
21,30.59392292,-96.34204202,15,5769.89
25,30.61096165,-96.3360969,16,5741.11
12,30.61100054,-96.34224855,30,4357.74
25,30.59521038,-96.32364609,10,2260.28
19,30.60908947,-96.33424752,19,7879.84
15,30.61279494,-96.34430312,19,2414.53
1,30.61837662,-96.33447283,19,9418.62
16,30.59905935,-96.35268503,3,718.18
22,30.61759722,-96.30206389,17,5484.19
8,30.62168915,-96.33922034,7,1203.55
12,30.61116818,-96.34197094,29,4325.31
20,30.61674986,-96.33512058,10,1852.33
1,30.61977942,-96.33497976,12,8124.36
22,30.6135017,-96.30216427,13,4359.16
2,30.62174413,-96.3581688,4,1385.97
12,30.62175352,-96.33867316,10,2027.47
18,30.61361033,-96.34126954,10,1747.78
22,30.61299745,-96.30486258,20,6155.01
22,30.61096568,-96.3361197,34,10143.17
18,30.61240334,-96.3483023,4,911.08
15,30.61195675,-96.34932958,7,1083.28
8,30.61491389,-96.33809783,14,2410.41
14,30.62030647,-96.31709479,10,5520.29
19,30.59392292,-96.34204202,15,5751.78
20,30.62324617,-96.33678355,18,3598.93
22,30.60950387,-96.30657114,11,3746.71
12,30.6149729,-96.34483554,24,3751.25
11,30.63407961,-96.29734569,8,3165.32
2,30.61350573,-96.34130575,14,3720.21
4,30.61195675,-96.34932958,20,2531.3
15,30.61136264,-96.35142975,9,1416.95
24,30.61557505,-96.29981734,14,4680.8
1,30.61515931,-96.33733072,17,8947.97
11,30.61855499,-96.33464449,13,8264.15
15,30.60954008,-96.34436213,1,161.73
8,30.61848793,-96.3344849,2,552.74
17,30.61597202,-96.34336033,3,482
10,30.61135728,-96.34711408,33,6142.68
21,30.59196625,-96.34420522,14,5469.74
11,30.6472278,-96.29148238,4,1135.51
1,30.64651568,-96.28908448,5,1378.02
19,30.60164098,-96.338932,17,6810.1
23,30.61282847,-96.34432324,14,3361.48
3,30.62315229,-96.33893736,0,0
19,30.60938451,-96.33485772,21,8359.22
19,30.59077937,-96.33558326,5,2829.42
18,30.61202247,-96.34641938,14,2636.54
22,30.60713146,-96.31762587,28,7704.25
18,30.61128218,-96.34725623,5,1070.86
10,30.61339039,-96.34145864,38,6763.18
16,30.59996862,-96.35197156,4,840.1
1,30.6147315,-96.33800664,16,8867.73
15,30.61204661,-96.34593122,17,2236.98
3,30.61637301,-96.34340592,7,1180.67
17,30.61264742,-96.34249665,0,0
26,30.60402814,-96.34219893,5,1278
9,30.6117529,-96.34937786,22,6809.88
24,30.61096568,-96.3361197,34,10177.99
2,30.61177302,-96.34939932,8,2776.77
15,30.61126608,-96.34722271,16,2086.06
9,30.61380077,-96.35094427,21,6537.44
3,30.61592776,-96.34343811,8,1230.24
3,30.61465371,-96.34226464,17,2857.94
14,30.62058676,-96.32111408,2,1931.04
27,30.5937298,-96.32618078,11,2553.28
8,30.62029038,-96.33606069,9,1586.69
16,30.60163963,-96.35764845,34,6684.05
27,30.60715157,-96.33129843,3,522.82
10,30.60014296,-96.35212847,15,2702.66
3,30.62161539,-96.33897089,22,3984.67
24,30.60918469,-96.3343414,33,9917.05
22,30.60619805,-96.31344028,7,2837.48
21,30.58818433,-96.3486483,12,4871.88
4,30.6124704,-96.34310954,11,1132.24
23,30.61075915,-96.34260394,0,0
16,30.61594788,-96.34335094,18,3506.86
21,30.60164098,-96.338932,17,6828.21
17,30.61241005,-96.348482,8,1333.07
9,30.6123336,-96.34546854,25,7302
17,30.61269168,-96.34575688,6,953.62
19,30.58818433,-96.3486483,12,4853.77
21,30.60938451,-96.33485772,0,0
19,30.61095897,-96.33605533,20,8150.11
10,30.60946632,-96.34691693,31,5864.19
4,30.6125978,-96.34502195,9,940.73
3,30.62222291,-96.33785107,1,146.48
1,30.61967615,-96.33487113,20,9567.96
19,30.59395242,-96.33931421,3,2327.75
12,30.62340576,-96.3386906,13,2316.39
27,30.610043,-96.33551084,0,0
23,30.60952667,-96.34700545,10,2768.26
1,30.64521346,-96.28754087,27,16038.28
24,30.61927918,-96.30025991,16,5255.84
2,30.61148871,-96.34719186,20,4703.93
16,30.61345208,-96.34501123,20,3856.9
24,30.61465774,-96.30556934,19,5981.21
12,30.61465371,-96.34226464,3,865.4
17,30.6113157,-96.34746411,7,1177.3
19,30.586402,-96.34378411,9,4334.64
11,30.634262,-96.29741945,25,14496.11
15,30.60936037,-96.34679087,3,494.77
26,30.60554225,-96.34336569,8,1560.31
2,30.61582182,-96.36722394,1,171.25
23,30.61114807,-96.34201922,16,3666.76
26,30.60584132,-96.34977885,1,223.27
27,30.60905058,-96.33423947,15,5464.25
3,30.61602298,-96.34341129,18,3045.49
8,30.61976466,-96.33493014,3,700.86
22,30.61214167,-96.30358611,12,4155.87
18,30.61083157,-96.35415354,1,113.61
22,30.61479319,-96.32790409,32,9006.22
12,30.61270375,-96.34402283,27,4052.81
12,30.61812047,-96.34062179,6,1413.83
8,30.61734665,-96.33520373,12,1983.36
17,30.60976539,-96.3529224,14,2454.99
23,30.6040791,-96.34224989,6,1924.98
27,30.61096165,-96.3360969,16,5741.11
21,30.59815008,-96.33742728,16,6414.46
24,30.60631741,-96.31401159,25,7368.75
19,30.58935243,-96.3339565,6,3051.58
23,30.60584802,-96.34975203,2,874.74
16,30.60000215,-96.35217138,29,5875.55
12,30.62161539,-96.33897894,9,1994.45
18,30.61264742,-96.34249665,9,1588.97
12,30.62220413,-96.33783363,15,2502.26
15,30.61258841,-96.34825804,6,959.07
4,30.61175693,-96.34943687,5,379.33
22,30.61160538,-96.32406585,30,8496.09
4,30.60936037,-96.34679087,16,1933.31
9,30.61280701,-96.34430715,26,7424.9
3,30.62091935,-96.33840494,5,393.34
11,30.64527784,-96.28734105,6,1594.12
9,30.61238725,-96.34829023,23,6935.53
10,30.61277214,-96.34430044,35,6456.13
10,30.5986597,-96.3557186,18,3143.01
16,30.61280165,-96.3443219,13,2841.32
20,30.61976466,-96.33493014,12,2202.93
23,30.603658,-96.34599023,4,1422.46
17,30.61196614,-96.34939261,9,1433.15
2,30.61253879,-96.3427461,13,3545.52
10,30.60707647,-96.34793752,11,1689.05
26,30.61022941,-96.34607472,10,2242.63
24,30.60802329,-96.31283008,24,7148.07
1,30.6505229,-96.29509799,3,631.99
1,30.64705614,-96.29155614,29,16479.01
14,30.60972113,-96.33521714,0,0
16,30.60700405,-96.34786375,7,1855.36
9,30.61559919,-96.36590295,15,3719.25
2,30.61575342,-96.36901297,27,7760.8
15,30.61237518,-96.34827547,15,1926.92
4,30.61281238,-96.35001891,21,2647
11,30.65151397,-96.29135631,1,113.46
11,30.62272046,-96.33032345,21,10118.91
3,30.61100054,-96.34224855,14,1992.54
15,30.61037827,-96.34616189,5,642.05
19,30.58988888,-96.34654143,13,5130.34
24,30.60641128,-96.31639071,6,2554.31
25,30.610043,-96.33551084,17,5857.57
17,30.61178643,-96.34940334,18,3288.69
23,30.61075915,-96.34260394,17,3737.43
22,30.60922895,-96.32085391,4,2024.54
24,30.60950387,-96.30657114,11,3746.71
19,30.59815008,-96.33742728,16,6396.35
10,30.60834784,-96.34596073,30,5709.89
6,30.60891647,-96.33440577,1,118.39
10,30.61597202,-96.34336033,3,354.92
21,30.58721337,-96.33292921,7,3310.28
9,30.61597872,-96.34338178,2,287.38
18,30.60976539,-96.3529224,22,4091.25
26,30.60541216,-96.34348907,4,1080.83
27,30.60059223,-96.32799931,7,1473.56
26,30.60952667,-96.34701081,9,2123.83
18,30.61350841,-96.35083564,2,548.53
9,30.61781604,-96.3544982,12,2055.02
18,30.61012346,-96.35329657,0,0
12,30.61422188,-96.34501257,25,3836.4
14,30.62679742,-96.30572223,4,3971.53
1,30.64527784,-96.28734105,6,1594.12
1,30.61731581,-96.3352453,14,8413.35
24,30.61173056,-96.30793611,22,6516.18
22,30.60901437,-96.32052668,29,8051.73
6,30.62407229,-96.31282471,9,4949.21
26,30.61136801,-96.34710067,11,2402.74
18,30.61259512,-96.34823122,16,2889.19
6,30.62028099,-96.3220381,14,6141.73
17,30.61233763,-96.34842568,19,3400.46
15,30.61285797,-96.35006317,8,1205.55
26,30.61253343,-96.3431538,14,2830.31
25,30.6030317,-96.32795506,5,1094.5
10,30.61260719,-96.34352126,36,6532.87
19,30.58719594,-96.34709664,11,4669.13
12,30.62017236,-96.33779206,20,2850.48
8,30.62041376,-96.33601912,4,827.53
2,30.61240602,-96.34829693,9,2903.51
12,30.61100054,-96.34224855,0,0
20,30.62324617,-96.33678355,0,0
20,30.62029708,-96.33764454,14,2485.57
15,30.60961518,-96.34696521,4,527.63
10,30.59852291,-96.35346421,24,4235.13
15,30.61261255,-96.35010742,13,1683.44
10,30.61343733,-96.34501793,5,708.37
27,30.60896341,-96.33430653,1,166.3
6,30.62030647,-96.31709479,11,5533.89
21,30.58674667,-96.33794897,8,3793.25
1,30.61504129,-96.31904208,23,11523.38
24,30.60651589,-96.31671794,27,7628.53
14,30.60972113,-96.33521714,15,8230.19
6,30.627531,-96.30648531,6,4092.39
9,30.61127145,-96.34726294,24,7093.72
10,30.61250526,-96.34514131,34,6370.42
26,30.60466517,-96.34193875,6,1353.03
12,30.61309937,-96.34485297,26,3962.06
9,30.61391074,-96.341578,29,7802.7
26,30.60291234,-96.34710737,2,637.05
10,30.60048763,-96.35720455,19,3390.91
11,30.64243067,-96.29048325,26,15620.25
20,30.61736006,-96.33517556,7,1071.79
27,30.60764108,-96.33266099,2,381.61
24,30.61252002,-96.32519104,31,8678.93
26,30.60707647,-96.34793752,0,0
9,30.62235702,-96.35867976,14,2698.95
1,30.61525989,-96.33844786,15,8795.43
11,30.62571783,-96.30689837,9,4468.25
8,30.6184933,-96.33461096,11,1843.9
15,30.61118293,-96.35107168,10,1456.59
17,30.61472613,-96.34233438,2,312.32
11,30.61519954,-96.31891333,10,6107.19
9,30.61594251,-96.36729636,16,3857.86
15,30.61251867,-96.34313636,20,2530.26
24,30.61040778,-96.33587026,35,10244.42
3,30.61245564,-96.3455423,16,2460.56
24,30.60901437,-96.32052668,29,8086.55
3,30.6141508,-96.34505146,10,1492.53
23,30.60707647,-96.34793752,1,653.95
10,30.60830224,-96.34616457,10,1471.56
21,30.58931488,-96.33390151,6,3058.92
4,30.60954008,-96.34436213,14,1600.27
1,30.61855499,-96.33464449,13,8264.15
10,30.6113613,-96.34735145,7,1031.41
16,30.60952265,-96.34698131,9,2256.83
23,30.61137069,-96.34707653,12,3050.51
12,30.62180314,-96.33828827,16,2564.51
1,30.61519954,-96.31891333,10,6107.19
12,30.61718974,-96.34197362,21,3369.85
1,30.64858902,-96.29320972,30,16711.4
11,30.61967615,-96.33487113,20,9567.96
6,30.62648226,-96.30979516,8,4554.71
6,30.60923297,-96.3343709,15,7844.12
20,30.61527733,-96.33836203,8,1454.43
22,30.60802329,-96.31283008,24,7113.25
14,30.60893658,-96.33442186,1,115.69
2,30.61565552,-96.36594989,25,7464.28
9,30.61473284,-96.34233036,1,116.28
8,30.61491389,-96.33809783,0,0
11,30.61977942,-96.33497976,12,8124.36
10,30.61273459,-96.34556644,6,802.44
20,30.62155906,-96.33922302,2,303.04
9,30.61368544,-96.35065459,10,1466.97
24,30.61123256,-96.32359915,3,1680.3
11,30.6147315,-96.33800664,16,8867.73
18,30.61082754,-96.35421388,19,3726.52
1,30.6472278,-96.29148238,4,1135.51
27,30.610043,-96.33551084,17,5857.57
24,30.61473954,-96.32789068,2,1114.35
1,30.634262,-96.29741945,25,14496.11
11,30.64236764,-96.29037328,7,2028.41
10,30.6024671,-96.35307395,27,4752.02
24,30.60713146,-96.31762587,28,7739.07
10,30.61024818,-96.34606131,32,5983.54
9,30.61575342,-96.36901297,17,4023.36
24,30.61135594,-96.30904951,23,6630.51
11,30.61525989,-96.33844786,15,8795.43
18,30.60977209,-96.35301091,20,3890.81
1,30.65049339,-96.29131876,0,0
23,30.60579438,-96.34299286,8,2157.54
3,30.61516333,-96.34464376,9,1373.45
2,30.61589692,-96.36725881,26,7592.29
1,30.65270487,-96.2928275,2,306.57
22,30.61252002,-96.32519104,31,8644.11
17,30.6107806,-96.35419645,11,2144.48
27,30.60187701,-96.32659249,6,1277.38
25,30.59107173,-96.33087196,13,3090.5
21,30.59077937,-96.33558326,5,2830.1
24,30.61040778,-96.33587026,0,0
3,30.62176425,-96.33866109,23,4018.6
27,30.59185091,-96.32947855,12,2931.56
20,30.61491389,-96.33809783,9,1502.07
2,30.61195005,-96.34938188,22,4991.32
2,30.61575342,-96.36901297,0,0
14,30.62850598,-96.30740263,6,4220.32
3,30.61250392,-96.34314038,12,1776.79
12,30.62151212,-96.33912914,18,2653.3
15,30.6104574,-96.34304919,22,2839.09
2,30.61381552,-96.35089465,7,2508.51
15,30.61256561,-96.34501123,18,2342.18
21,30.60908947,-96.33424752,19,7897.95
19,30.58664474,-96.34594329,10,4542.94
21,30.58719594,-96.34709664,11,4687.24
12,30.61018515,-96.34342872,1,144.74
9,30.61146993,-96.34721868,7,946.84
4,30.61278958,-96.34426959,10,1015.77
25,30.59959043,-96.32662736,8,1645.64
11,30.61837662,-96.33447283,19,9418.62
24,30.6064314,-96.31570675,26,7531.37
18,30.61227728,-96.3453693,6,1282.5
16,30.61486695,-96.34492539,19,3699.47
18,30.61193261,-96.34932019,17,3016.73
2,30.61280433,-96.34433263,12,3390.95
16,30.60183007,-96.35284462,5,1063.16
25,30.59545312,-96.32320352,9,2210.09
24,30.61307657,-96.30472578,20,6174.54
20,30.62041376,-96.33601912,13,2329.6
21,30.59967358,-96.34495624,2,1493.85
22,30.60565222,-96.31079294,9,3157.83
22,30.61271582,-96.30549156,21,6222.81
10,30.59811789,-96.3551996,23,4063.15
10,30.61474893,-96.34235181,2,188.27
2,30.61558042,-96.36586138,2,304.28
4,30.61160404,-96.35060363,2,100.83
1,30.64243067,-96.29048325,26,15620.25
4,30.61136264,-96.35142975,0,0
22,30.61557505,-96.29981734,14,4680.8
14,30.61097238,-96.33608483,14,8068.27
16,30.60050774,-96.3571965,33,6551.05
25,30.5937298,-96.32618078,11,2553.28
22,30.60733531,-96.30911924,10,3404
17,30.61380211,-96.35081687,10,1678.45
21,30.58664474,-96.34594329,10,4561.05
14,30.61735202,-96.31644436,3,2504.28
1,30.63407961,-96.29734569,8,3165.32
6,30.62053848,-96.32133,2,1916.01
2,30.61779592,-96.35453307,5,1945.75
16,30.61339039,-96.34145864,16,3153.38
22,30.60711671,-96.31767147,5,2408.89
17,30.61357949,-96.34132587,1,152.52
24,30.60565222,-96.31079294,9,3157.83
12,30.62173877,-96.33874424,17,2608.7
13,30.64086828,-96.35600292,9,5194.91
9,30.61583657,-96.36726015,18,4191.24
26,30.61075915,-96.34260394,16,3093.56
21,30.60938451,-96.33485772,21,8377.33
16,30.59880186,-96.35584333,32,6321.52
16,30.59828285,-96.35447272,31,6178.3
26,30.603658,-96.34599023,3,772.26
11,30.64705614,-96.29155614,29,16479.01
16,30.60953069,-96.34720661,24,4462.31
18,30.61376054,-96.35073506,18,3260.79
17,30.61254281,-96.3432061,23,4014.93
11,30.65049339,-96.29131876,31,16989.71
10,30.61339039,-96.34145864,0,0
25,30.60905058,-96.33423947,15,5464.25
19,30.60899157,-96.33450904,1,54.94
18,30.61177302,-96.34938457,3,786.11
24,30.60504872,-96.3115158,8,3061.51
24,30.60922895,-96.32085391,4,2024.54
16,30.61248917,-96.34530359,12,2741.22
17,30.61264742,-96.34249665,24,4083.77
22,30.61468992,-96.30558811,19,5954.55
13,30.67302529,-96.37196877,15,9738.58
13,30.6735671,-96.37190305,16,9799.11
13,30.61410788,-96.34504743,4,713.59
15,30.61176229,-96.34939932,14,1799.68
13,30.67338337,-96.37007781,17,9974.74
13,30.61317313,-96.34475239,5,821.22
13,30.66074748,-96.37197011,18,11390.44
13,30.61254952,-96.34562143,6,929.43
24,30.61214167,-96.30358611,12,4155.87
13,30.64355854,-96.35360636,19,13984.64
13,30.63456509,-96.36554756,7,4030.27
13,30.64104129,-96.35609411,20,14351.8
13,30.64356927,-96.35319599,10,5597.52
9,30.61300684,-96.34529017,5,695.48
13,30.63830409,-96.36174553,21,14971.84
13,30.6381901,-96.36161812,8,4581.09
13,30.63465763,-96.36572324,22,15527.55
22,30.60918469,-96.3343414,33,9882.23
25,30.60715157,-96.33129843,3,522.82
15,30.60839344,-96.34598487,2,362.53
11,30.64858902,-96.29320972,30,16711.4
8,30.61537389,-96.33833521,13,2354.48
16,30.61025355,-96.3461002,10,2373.86
25,30.60187701,-96.32659249,6,1277.38
22,30.61173056,-96.30793611,22,6480.96
19,30.59967358,-96.34495624,2,1493.85
3,30.62180582,-96.3382762,24,4055.69
1,30.62272046,-96.33032345,21,10118.91
19,30.60938451,-96.33485772,0,0
10,30.6003562,-96.35201313,26,4496.45
2,30.61375517,-96.35071763,23,5229.13
10,30.60516003,-96.35084503,12,2039.3
11,30.62336016,-96.32947721,11,7464.68
23,30.60543898,-96.34348773,5,1733.02
16,30.61022404,-96.34630405,23,4346.61
20,30.62028099,-96.33609422,4,674.39
16,30.60831431,-96.34618067,25,4629.33
16,30.61356742,-96.34130575,17,3177.89
12,30.61638374,-96.34338849,22,3532.11
4,30.61031122,-96.34608277,18,2082.37
15,30.61197016,-96.35095634,12,1575.34
2,30.61580572,-96.35272124,6,2226.69
10,30.6034233,-96.35295056,13,2318.22
6,30.60972113,-96.33521714,17,8262.57
6,30.61095495,-96.33613982,16,8099.53
9,30.61345745,-96.34499781,4,638.13
6,30.62677998,-96.30577587,5,3984.84
17,30.60932953,-96.35356881,13,2376.46
26,30.60707647,-96.34793752,17,3747.51
24,30.60892183,-96.33440309,1,216.68
22,30.60651589,-96.31671794,27,7593.71
23,30.61253343,-96.34314307,15,3479.01
22,30.61040778,-96.33587026,35,10209.6
27,30.59521038,-96.32364609,10,2260.28
15,30.6104574,-96.34304919,0,0
11,30.64631317,-96.28915824,28,16235.36
25,30.60059223,-96.32799931,7,1473.56
23,30.61028305,-96.34603181,11,2893.7
23,30.60552616,-96.34333753,9,2201.98
10,30.60359094,-96.35256969,28,4885.89
4,30.6125683,-96.34825133,19,2407.81
24,30.61730239,-96.2979398,15,4943.63
16,30.60347427,-96.35297739,27,5473.02
11,30.61731581,-96.3352453,14,8413.35
17,30.61289553,-96.34442114,22,3892.3
6,30.60972113,-96.33521714,0,0
4,30.61264474,-96.35011815,4,261.1
14,30.60924906,-96.33440443,13,7818.28
11,30.65049339,-96.29131876,0,0
11,30.6505229,-96.29509799,3,631.99
27,30.59107173,-96.33087196,13,3090.5
22,30.61123256,-96.32359915,3,1680.3
4,30.61242212,-96.34829425,6,511.25
24,30.61573611,-96.30389167,18,5780.96
27,30.60518686,-96.32892736,4,837.6
6,30.62155906,-96.31565042,10,5337.8
21,30.60899157,-96.33450904,1,54.94
18,30.61289687,-96.34442248,7,1396.25
16,30.61136264,-96.34709128,11,2529.33
16,30.60120378,-96.35825866,35,6759.89
27,30.6030317,-96.32795506,5,1094.5
20,30.62010933,-96.33768209,3,521.36
21,30.59286613,-96.33821585,4,2487.78
10,30.61255086,-96.34267368,37,6614.17
4,30.61218474,-96.34568446,8,862.49
21,30.59395242,-96.33931421,3,2327.75
12,30.61245564,-96.3455423,2,468.02
9,30.61257232,-96.34821915,8,1102.27
14,30.627531,-96.30648531,5,4080.93
19,30.58675069,-96.33797445,8,3777.54
9,30.62174413,-96.3581688,13,2615.13
1,30.62336016,-96.32947721,11,7464.68
2,30.61276544,-96.34550073,19,4488.79
20,30.62419701,-96.33580722,17,3457.94
11,30.64651568,-96.28908448,5,1378.02
25,30.59185091,-96.32947855,12,2931.56
12,30.62021259,-96.33756273,7,1787.48
17,30.60977209,-96.35301091,12,2303.9
3,30.62248308,-96.33753725,25,4158.92
22,30.60504872,-96.3115158,8,3061.51
24,30.61160538,-96.32406585,30,8530.91
14,30.62648226,-96.30979516,7,4541.11
9,30.61582584,-96.35268234,11,1773.84
24,30.60619805,-96.31344028,7,2837.48
4,30.61122987,-96.35096707,1,46.64
9,30.61191115,-96.3493725,9,1234.8
6,30.62022064,-96.31996744,3,2051.01
22,30.61473954,-96.32789068,2,1114.35
27,30.60462627,-96.33907952,14,4788.99
16,30.59924308,-96.35258847,30,5968.86
19,30.58728445,-96.333007,7,3298.67
16,30.61143372,-96.34735682,22,4178.67
2,30.61258171,-96.34823524,21,4861.12
22,30.6064314,-96.31570675,26,7496.55
14,30.61911825,-96.31851502,11,5709.7
26,30.60578633,-96.34288826,7,1507.2
8,30.61970163,-96.33505352,10,1703.12
20,30.62541071,-96.33733608,16,3259.04
3,30.6218018,-96.33829363,2,209.57
22,30.60892183,-96.33440309,1,216.68
10,30.59918675,-96.35277354,16,2825.53
23,30.60466517,-96.34193875,7,1996.58
25,30.60462627,-96.33907952,14,4788.99
3,30.62151212,-96.33913048,4,297.67
22,30.61573611,-96.30389167,18,5754.97
8,30.62013749,-96.33769818,8,1429.19
16,30.60120378,-96.35825866,0,0
10,30.60534108,-96.35019057,29,5185.22
16,30.60332674,-96.35282048,6,1229.49
22,30.61728898,-96.2980149,15,4937.67
20,30.61860595,-96.33459487,6,922.63
24,30.61271582,-96.30549156,21,6258.03
6,30.61730374,-96.31637596,4,2523.25
10,30.61023343,-96.3463349,8,1190.03
23,30.61249185,-96.34527006,13,3263.51
16,30.60834516,-96.34593793,8,2092.28
11,30.61504129,-96.31904208,23,11523.38
12,30.6124999,-96.34315111,28,4139.2
18,30.61149407,-96.34723209,15,2733.95
1,30.64631317,-96.28915824,28,16235.36
25,30.60764108,-96.33266099,2,381.61
22,30.61040778,-96.33587026,0,0
20,30.62186483,-96.3384264,1,219.63
5,30.6128164,-96.34427362,13,1958.79
5,30.61252404,-96.34281718,14,2101.81
5,30.61264742,-96.34249665,15,2135.39
5,30.61352987,-96.34132855,16,2284.03
5,30.61594386,-96.34336301,17,2615.4
5,30.61483744,-96.34488248,18,2805.74
5,30.61349366,-96.34487711,19,2955.06
5,30.6126662,-96.34562545,21,3072.17
5,30.61314631,-96.34526872,20,3008.84
5,30.61146457,-96.347216,22,3274.57
5,30.61256561,-96.34821781,23,3429.97
5,30.61195005,-96.34934702,24,3557.8
5,30.61382357,-96.35084369,27,3812.11
5,30.61296929,-96.35028579,7,1186.91
18,30.61486829,-96.34490528,12,2261.15
5,30.61230812,-96.34992906,8,1267.91
5,30.61132375,-96.35815539,0,0
5,30.61249051,-96.34983652,25,3633.95
5,30.61102737,-96.35871731,1,63.03
5,30.61311144,-96.35016509,26,3709.77
5,30.6102911,-96.35801189,2,169.07
5,30.60977477,-96.35538199,28,4437.24
5,30.6098767,-96.35723673,3,256.34
5,30.6076679,-96.35783621,29,4768.75
5,30.61075512,-96.35626175,4,391.33
5,30.60888428,-96.35930606,30,4963.76
5,30.60992632,-96.35520362,5,528.16
5,30.60907069,-96.3600316,31,5036.17
5,30.61352316,-96.35091477,6,1100.85
5,30.60971308,-96.36008926,32,5107.76
5,30.61181594,-96.34949186,9,1336.75
5,30.61053518,-96.35911026,33,5238.57
5,30.61237249,-96.34829425,10,1466.91
5,30.61132375,-96.35815539,34,5365.13
5,30.61127145,-96.34727099,11,1623.58
28,30.6098834,-96.35727831,20,3477.12
7,30.61427284,-96.34500988,19,9761.66
7,30.61299074,-96.34469875,10,8806.78
13,30.61266217,-96.34386726,25,18853.16
28,30.61264742,-96.34249665,0,0
28,30.61077658,-96.3562242,21,3618.59
28,30.61356205,-96.34135806,1,148.95
28,30.60993705,-96.35516339,22,3756.41
28,30.61594654,-96.34339117,2,477.6
28,30.61077658,-96.35417365,23,3889.31
28,30.61489511,-96.34488382,3,662.06
28,30.60980696,-96.35304981,24,4041.5
28,30.61347086,-96.34485968,4,820.34
28,30.60947303,-96.35376461,25,4119.28
28,30.61291564,-96.34537735,5,899.44
28,30.60924638,-96.35363185,26,4147.48
28,30.611482,-96.34724551,6,1138.81
28,30.6098016,-96.35295861,27,4236.65
28,30.61258305,-96.34823256,7,1293.34
28,30.61012346,-96.35329657,28,4284.86
28,30.61193798,-96.34936445,8,1423.17
28,30.6108262,-96.35412135,29,4395.85
28,30.61253343,-96.34984859,9,1503.93
28,30.61349232,-96.35087319,30,4825.11
28,30.613841,-96.3508276,11,1677.52
28,30.61276544,-96.35016509,31,4930.51
28,30.61318923,-96.35024019,10,1585.86
28,30.6118213,-96.34953745,32,5051.38
28,30.60766119,-96.35784291,12,2637.56
28,30.61192188,-96.34898894,33,5105.01
28,30.60891781,-96.35927119,13,2832.9
28,30.61239663,-96.3482862,34,5190.45
28,30.60908008,-96.36004367,14,2908.95
28,30.61127547,-96.34725623,35,5349.27
28,30.60976136,-96.36005976,15,2984.67
28,30.61255354,-96.34513058,36,5597.25
28,30.61043326,-96.35916122,16,3098.51
28,30.61280031,-96.34429508,37,5681.73
28,30.61132375,-96.35815539,17,3236.51
28,30.61256293,-96.34336837,38,5774.2
28,30.61109442,-96.35862612,18,3288.24
28,30.61264742,-96.34249665,39,5858.09
28,30.61025221,-96.35790595,19,3404.44
29,30.62180851,-96.35803201,15,2643.32
30,30.60488645,-96.34884947,24,3974.46
31,30.61685447,-96.34251945,9,1669.15
32,30.6102911,-96.34622358,4,876.19
33,30.5967,-96.3842,19,7770.25
34,30.60445193,-96.35919206,23,3609.18
35,30.58988888,-96.34654143,23,6306.32
36,30.62407229,-96.31282471,3,858.9
29,30.61250795,-96.34582259,6,795.63
32,30.60833979,-96.34592988,38,6445.95
37,30.61347086,-96.34496295,3,348.38
38,30.61239529,-96.34831839,22,4076.79
32,30.60070086,-96.35737219,17,3172.04
34,30.60183007,-96.35284462,34,5073.7
35,30.588833,-96.33375,18,4284.63
33,30.6094,-96.3538,47,16122.36
37,30.5758341,-96.31675952,32,8381.88
32,30.61025221,-96.34606399,41,6784.25
39,30.61253209,-96.34311356,31,7196.85
38,30.6063,-96.3561,16,2558.6
29,30.6218,-96.3576,14,2602
40,30.6631789,-96.35252678,28,10156.26
32,30.60504872,-96.34749629,34,5977.34
40,30.64246956,-96.33206554,18,6063.19
41,30.61776105,-96.34331875,23,5186.35
39,30.62254745,-96.34070091,16,4064.43
30,30.61349232,-96.34486236,6,698.94
29,30.61353523,-96.34131112,28,4987.77
32,30.60833979,-96.3461686,7,1231.45
42,30.61444584,-96.34259187,0,0
43,30.61580572,-96.35272124,1,280.94
37,30.61276544,-96.34547927,4,441.02
38,30.6076384,-96.35773697,18,2774.55
44,30.61341721,-96.3511052,32,4792.45
44,30.60909349,-96.36003964,15,2628.67
34,30.59837404,-96.35542624,17,2807.3
40,30.65497939,-96.33672052,43,13421.35
34,30.6011327,-96.35239937,33,4985.28
29,30.61352584,-96.34489589,5,651.94
40,30.63969482,-96.3260118,15,5387.66
33,30.59554566,-96.38621264,33,10159.41
33,30.60499105,-96.37552135,39,11664.8
39,30.62868971,-96.3420219,10,2285.11
44,30.6119192,-96.34934836,8,1144.49
42,30.61593715,-96.34341665,2,215.24
32,30.60562674,-96.34978824,32,5682.52
42,30.61988,-96.34565764,12,1923.45
33,30.60923431,-96.37313821,12,5980.2
41,30.61288346,-96.34436213,41,9606.91
33,30.60414616,-96.3767136,15,6654.52
31,30.60583193,-96.34974398,21,4252.28
39,30.61164562,-96.34662323,29,6821.01
37,30.5688161,-96.32511862,39,9880.85
34,30.61381686,-96.34148144,0,0
33,30.6153,-96.3662,42,13137.51
41,30.6067,-96.3566,34,7639.55
36,30.61464835,-96.3391734,13,4520.89
45,30.61950449,-96.34678819,27,7452.18
38,30.61247576,-96.34301566,28,4703.24
37,30.6097332,-96.34669968,54,15674.13
35,30.60923431,-96.34705909,32,9183.31
34,30.60710061,-96.34771892,44,6187.97
46,30.61271045,-96.34240948,34,10076.42
37,30.61137203,-96.34732463,5,675.79
34,30.60562674,-96.34978824,38,5632.42
41,30.61029781,-96.35359429,27,6759.08
44,30.6090318,-96.35951259,14,2577.8
33,30.6093188,-96.37294509,41,12211.32
40,30.6125455,-96.3428212,64,21280.16
34,30.59811789,-96.3551996,27,4452.89
30,30.61367068,-96.34135001,1,62.1
36,30.62057603,-96.32063128,7,1912.31
31,30.6098539,-96.34690621,18,3595.23
34,30.59905264,-96.35264479,30,4723.65
46,30.58814008,-96.3485732,19,6114.41
41,30.612021,-96.348749,38,9055.02
33,30.60966615,-96.35283657,7,2113.72
37,30.56898642,-96.32450574,30,7319.69
40,30.62451351,-96.33088671,56,18345.44
35,30.58636714,-96.34423473,20,5565.78
42,30.62703479,-96.35515936,17,3232.59
37,30.56981254,-96.32361122,37,9695.62
37,30.60837064,-96.34591647,52,15465.91
38,30.6158017,-96.34321012,1,166.7
29,30.61128352,-96.34725355,24,4329.71
39,30.62678535,-96.34313636,9,2048.18
31,30.60830224,-96.34614044,20,3811.68
32,30.60938183,-96.34766661,6,1047.24
44,30.60895804,-96.36003026,19,2883.22
33,30.602806,-96.379201,17,6935.23
32,30.60467455,-96.3589386,22,3648.27
37,30.60195345,-96.34600767,50,14475.33
44,30.613,-96.342,40,5915.6
38,30.61363045,-96.34136342,29,4906.78
44,30.61141897,-96.35812723,24,3263.57
40,30.64107884,-96.32945709,46,15183.04
32,30.60183007,-96.35284462,30,5120.8
33,30.60966749,-96.35292106,46,16033.2
45,30.63314352,-96.35417499,22,5605.01
39,30.61640654,-96.34299554,2,345.3
35,30.6097332,-96.34669968,33,9248.54
40,30.6383564,-96.32140778,50,16279.89
31,30.61909545,-96.34460755,11,1988.42
44,30.61349366,-96.34486639,4,539.61
40,30.61357144,-96.34127088,1,122.11
33,30.61643738,-96.34360977,54,17769.08
39,30.63065711,-96.33827352,14,2813.73
46,30.59912775,-96.3442468,24,7774.02
35,30.58816287,-96.34856113,22,6034.09
46,30.60836259,-96.34597548,27,9127.41
31,30.61586741,-96.34854638,12,2508.56
47,30.61779592,-96.35453307,0,0
40,30.637668,-96.326335,49,15802.64
34,30.60336161,-96.35278829,37,5250.74
40,30.63498486,-96.3193626,10,4371.25
42,30.62488098,-96.3524852,16,2882.36
45,30.6133515,-96.34147741,0,0
45,30.6133515,-96.34147741,39,8969.98
32,30.6056777,-96.3473367,35,6048.88
42,30.62609334,-96.35584064,18,3355.83
46,30.58727909,-96.34721198,18,5952.83
45,30.61683033,-96.34251811,4,475.48
33,30.59664938,-96.390244,30,9711.38
34,30.61267558,-96.34396248,51,7218.53
41,30.62021125,-96.33752786,6,1003.59
46,30.61478648,-96.34236523,2,309.57
37,30.61279092,-96.34423204,58,16235.84
31,30.6202032,-96.33782961,6,1086.19
34,30.60217071,-96.35311686,12,2160.6
36,30.62155906,-96.31565042,4,1247.49
38,30.6074,-96.3549,15,2390.93
29,30.61978612,-96.35637172,17,2918.96
32,30.60256634,-96.35822513,24,3915.3
48,30.61580572,-96.35272124,1,280.94
39,30.62983234,-96.33913316,13,2690.62
42,30.62511567,-96.35681026,19,3498.65
40,30.65573443,-96.33773707,42,13292.97
32,30.6146564,-96.34228074,1,120.61
40,30.61284188,-96.34222575,0,0
29,30.61256293,-96.34822719,8,1123.87
45,30.61917189,-96.34644621,28,7501.53
34,30.60954008,-96.34697728,46,6575.11
37,30.61253745,-96.3427166,59,16383.48
32,30.6131852,-96.34468936,2,403.07
45,30.61586205,-96.34323828,2,341.89
44,30.61263669,-96.34568446,5,662.85
29,30.61580572,-96.35272124,19,3482.43
40,30.61643738,-96.34315916,60,20656.19
31,30.61905656,-96.33931824,7,1277.24
45,30.63109431,-96.35456257,23,5835.71
37,30.60065392,-96.34557181,49,14325.03
40,30.66055168,-96.3565179,25,9566.03
45,30.62840674,-96.35973253,15,2963.29
37,30.614761,-96.34236925,1,53.44
37,30.61025355,-96.3463349,6,832.01
30,30.60695309,-96.34810649,13,1751.28
36,30.6117529,-96.3315291,9,3356.32
41,30.62122244,-96.33838617,7,1142.74
34,30.60695309,-96.34810649,8,1411.59
45,30.63799966,-96.36171602,19,4393.33
29,30.6121311,-96.34953075,10,1276.5
40,30.64662967,-96.33365609,44,14394.32
31,30.61776105,-96.34331875,10,1795.61
44,30.61341051,-96.35061838,33,4839.01
29,30.61353523,-96.34131112,0,0
37,30.581,-96.336,26,4859.87
31,30.611991,-96.347955,16,3280.07
37,30.56901592,-96.32453256,38,9820.54
34,30.60258109,-96.35822915,24,3836.55
41,30.61894927,-96.33940273,4,775.95
35,30.58694113,-96.34670772,21,5810.79
44,30.61258037,-96.34821915,7,1013.88
31,30.60724009,-96.34752177,26,4887.58
33,30.604122,-96.376353,38,11539.69
33,30.600434,-96.380316,35,10956.06
45,30.61357949,-96.34132587,1,29.19
32,30.60527,-96.35055401,10,1772.11
40,30.64237032,-96.33213662,45,14889.41
41,30.61127681,-96.34725489,40,9277.66
37,30.60583327,-96.34951063,51,15021.33
44,30.60907472,-96.36073836,16,2695.53
30,30.60939927,-96.34712883,28,4719.2
33,30.59594128,-96.38809287,32,9974.27
39,30.61894927,-96.33940273,4,790.18
31,30.60423467,-96.34828084,22,4478.3
45,30.61254818,-96.3426938,38,8823.35
40,30.66156689,-96.35775977,38,11226.01
42,30.61465908,-96.34229281,1,37.14
35,30.59395242,-96.33931421,16,3505.34
39,30.61402474,-96.34167724,33,7462.07
40,30.63981149,-96.32218831,14,5021.88
29,30.61516602,-96.35205873,11,1691.44
42,30.61480526,-96.34490125,3,404.91
32,30.59830699,-96.35437079,15,2759.5
33,30.60299683,-96.37888082,16,6897.98
34,30.60527,-96.35055401,9,1711.21
42,30.61310608,-96.34480469,4,593.95
30,30.61568636,-96.34386056,4,414
40,30.65505717,-96.33663603,20,7528.7
44,30.6135178,-96.34419047,3,474.91
32,30.59956495,-96.35706507,26,4281.67
37,30.58886159,-96.33802005,18,3899.66
42,30.61249051,-96.3427166,5,805.03
42,30.6351069,-96.35463767,26,6394.62
37,30.57241428,-96.32059642,36,9287.23
42,30.61356205,-96.34132319,7,985
32,30.60255963,-96.3578295,19,3383.17
44,30.61187763,-96.34892457,35,5100.41
30,30.61025221,-96.34634294,9,1189.74
32,30.60217071,-96.35311686,12,2213.74
42,30.6133515,-96.34147741,6,957.34
34,30.60450021,-96.34854235,40,5820.92
34,30.6097332,-96.34669968,47,6609.25
32,30.60729373,-96.3476465,8,1414.45
34,30.61255354,-96.3428735,52,7323.55
32,30.61381686,-96.34148144,0,0
32,30.59862751,-96.35570117,16,2891.64
31,30.6152,-96.3374,2,173.37
42,30.61636899,-96.34310149,9,1385.43
39,30.61913166,-96.34461694,23,5350.44
39,30.62019113,-96.33760162,6,1011.01
37,30.5817,-96.3364,25,4773.18
42,30.61620805,-96.34348639,8,1344.51
39,30.6207,-96.3383,17,4372.41
40,30.64666052,-96.3334898,19,6548.39
33,30.5958,-96.3862,20,7986.11
35,30.6098539,-96.34690621,8,1154.73
42,30.62738616,-96.35502525,30,7262.99
35,30.6102616,-96.34632148,7,1082.76
45,30.63293699,-96.36386984,17,3603.64
42,30.62495608,-96.3567137,31,7577.6
32,30.60695309,-96.34810649,9,1472.49
31,30.60944755,-96.34720527,19,3648.68
46,30.60582254,-96.34961926,26,8678.96
42,30.61252806,-96.34561606,32,9319.26
40,30.62442634,-96.33089476,7,2759.99
35,30.59519965,-96.34066202,26,7121.54
40,30.65883104,-96.35239401,23,9114.44
46,30.59896413,-96.34425618,11,2744.13
33,30.61643738,-96.34360977,0,0
40,30.6633,-96.3517,30,10238.33
40,30.6636,-96.3523,35,10471.85
46,30.61141495,-96.34740778,3,920.23
40,30.61323751,-96.34476312,63,21079.16
31,30.614226,-96.338704,29,6103.92
37,30.59976209,-96.34495758,48,14209.82
35,30.59912775,-96.3442468,27,7676.6
34,30.60435001,-96.35855102,22,3546.83
42,30.61444584,-96.34259187,33,9678.5
30,30.6132,-96.3417,0,0
46,30.6135473,-96.34132185,1,139.52
46,30.59395242,-96.33931421,13,3477.15
44,30.61127547,-96.3472616,37,5344.03
38,30.6121311,-96.34953075,11,1169.03
33,30.6155375,-96.36593648,11,4997.9
34,30.60157124,-96.35759481,20,3223.16
41,30.60934294,-96.35252543,31,7079.22
37,30.5839,-96.337,23,4520.19
49,30.61580572,-96.35272124,1,280.94
34,30.61064113,-96.34557047,48,6757.04
45,30.61264206,-96.34393432,37,8704.26
33,30.594795,-96.391031,25,8511.49
40,30.61574403,-96.34375059,61,20751.77
34,30.6135406,-96.3413433,54,7509.27
40,30.6636,-96.3515,32,10282.66
42,30.6397498,-96.35819831,25,5776.51
29,30.61238322,-96.34829023,23,4172.35
46,30.58712754,-96.33291848,16,4551.49
34,30.59851084,-96.35406368,16,2676.09
35,30.59137884,-96.33637317,17,3906.49
34,30.60346756,-96.35291167,10,2012.81
39,30.62018979,-96.33779474,18,4446.9
34,30.61071623,-96.34588026,4,822.07
37,30.58419455,-96.33744337,22,4466.62
30,30.60834248,-96.34589099,27,4552.45
42,30.63462947,-96.36568301,23,4855
42,30.62703211,-96.35845043,20,3763.12
35,30.61263535,-96.34375327,38,9865.08
40,30.63775424,-96.32842713,48,15602.39
30,30.61229471,-96.34557181,32,5189.29
29,30.61251063,-96.34299823,27,4790.3
34,30.6056777,-96.3473367,42,5999.41
30,30.60393292,-96.34558522,17,2552.84
30,30.61283518,-96.34433665,33,5321.8
37,30.59290234,-96.33797311,46,13195.83
30,30.6125294,-96.34582528,7,840.11
33,30.61684105,-96.34248324,1,116.69
38,30.6150708,-96.34472289,3,353.69
41,30.6074,-96.3549,32,7392.57
42,30.63339967,-96.3542112,28,6590.2
39,30.62995974,-96.3411408,11,2449.47
42,30.61952997,-96.34675064,14,2073.43
38,30.6128392,-96.34432324,26,4571.54
44,30.61310608,-96.35016911,10,1298.15
34,30.61324824,-96.34473093,2,415.8
37,30.58451105,-96.33175575,40,11736.87
48,30.61779592,-96.35453307,0,0
44,30.61382759,-96.35085174,11,1401.54
41,30.61782408,-96.34111666,21,4886.09
41,30.61591301,-96.34337508,1,265.31
41,30.62568698,-96.34417974,9,1887.81
35,30.61353389,-96.34421595,3,529.46
32,30.60446668,-96.34855174,33,5857.45
29,30.61149139,-96.34722807,7,971.2
46,30.5952895,-96.34054266,23,7219.56
36,30.61346952,-96.33838483,11,4361.4
44,30.60906131,-96.36002891,29,3610.78
29,30.61227325,-96.34561338,25,4521.28
35,30.60577694,-96.34960451,30,8584.46
29,30.61779592,-96.35453307,18,3201.49
38,30.6094,-96.3526,14,2078.24
40,30.65778498,-96.34901576,40,12181.94
29,30.61436269,-96.35142573,20,3685.06
36,30.60918737,-96.33434274,10,3748.34
41,30.60621414,-96.35615178,33,7570.61
44,30.61283249,-96.34431117,38,5675.01
34,30.60049031,-96.35215127,13,2368.92
34,30.6147543,-96.34235047,1,133.26
37,30.5834,-96.337,24,4575.75
45,30.634575,-96.354625,21,5440.23
42,30.61679546,-96.34246044,10,1462.91
33,30.61371896,-96.35075383,9,2752.03
40,30.62024344,-96.34353333,58,20053.21
30,30.61135594,-96.34706982,31,5012.07
32,30.61251867,-96.34282791,44,7427.14
40,30.61636899,-96.34310149,3,497.64
39,30.61241407,-96.3482795,27,6587.66
32,30.60724009,-96.34753116,37,6250.03
37,30.59169534,-96.33885555,16,3572.04
33,30.59750903,-96.39572241,28,9141.6
44,30.6113,-96.358,23,3245.6
40,30.63990671,-96.32817366,47,15361.98
29,30.62115941,-96.35759615,16,2726.62
40,30.66248689,-96.35451563,26,9853.9
34,30.60531828,-96.34748154,41,5957.14
32,30.6097332,-96.34669968,40,6700.45
46,30.59196625,-96.34420522,21,6710.54
30,30.60392622,-96.34571665,22,3537.31
44,30.61178107,-96.34938457,34,5055.13
46,30.60831565,-96.34620347,7,1371.84
49,30.61779592,-96.35453307,0,0
30,30.60834248,-96.34617799,12,1510.75
37,30.61352584,-96.34423741,2,278.73
36,30.61376858,-96.33834191,12,4394.88
46,30.6029043,-96.34724953,9,2219.21
34,30.59856985,-96.35627516,26,4338.41
42,30.62840674,-96.35973253,21,3958.98
41,30.61084766,-96.35418036,26,6676.17
41,30.61402474,-96.34167724,0,0
35,30.61475698,-96.34234913,2,305.09
31,30.614226,-96.338704,0,0
31,30.61378736,-96.35083832,13,2827.09
33,30.61081145,-96.35424875,45,15853.53
39,30.61282311,-96.34430178,30,7078.71
29,30.61468858,-96.34232499,1,160.7
37,30.56877318,-96.32513606,29,7254.9
32,30.61135057,-96.34725892,3,722.36
29,30.61195139,-96.34883337,22,4101.63
35,30.60047824,-96.34579443,13,2551.08
41,30.63064773,-96.33828961,15,2816.56
41,30.6198344,-96.33806162,5,937.57
37,30.59529889,-96.34060704,47,13562.42
34,30.60291502,-96.35299214,36,5197.42
44,30.61256025,-96.34266027,39,5835.76
39,30.62572185,-96.34417438,8,1893.85
41,30.62678535,-96.34313636,10,2045.45
41,30.62259708,-96.34074115,17,4066.47
32,30.60360838,-96.35271855,11,2049.51
40,30.61284188,-96.34222575,65,21345.94
40,30.63668404,-96.31935187,52,16561
33,30.608202,-96.374403,13,6146.9
33,30.5951,-96.3907,24,8465.11
40,30.64114723,-96.32934042,17,5764.08
32,30.6037331,-96.35811784,20,3516.45
45,30.62194932,-96.34926923,9,1445.95
32,30.60120378,-96.35825866,25,4066.74
33,30.5954,-96.3904,23,8421.12
44,30.60984451,-96.36004635,27,3522.89
41,30.61772484,-96.34118237,3,558.06
40,30.65608446,-96.34324499,41,12765.03
41,30.63004557,-96.34115153,12,2454.5
39,30.6292503,-96.33981176,12,2599.01
36,30.62030647,-96.31709479,5,1443.58
44,30.61358083,-96.34137013,1,88.28
44,30.60848195,-96.35987603,18,2828.3
40,30.6643,-96.3517,33,10362.76
30,30.60574207,-96.34308138,21,3214.45
45,30.61708245,-96.34685524,30,7814.4
34,30.60083765,-96.35737219,19,3138.91
31,30.61782408,-96.34111666,8,1497.09
32,30.59811789,-96.3551996,27,4521.86
43,30.61779592,-96.35453307,0,0
39,30.61127145,-96.34723612,28,6749.15
38,30.61192591,-96.34925448,10,1134.13
37,30.5808,-96.3359,27,4884.07
45,30.61800379,-96.34774574,29,7681.23
31,30.6056777,-96.3473367,24,4676.79
36,30.627531,-96.30648531,0,0
39,30.61358485,-96.34133526,32,7403.26
41,30.62868971,-96.3420219,11,2282.38
39,30.61776105,-96.34331875,22,5153.95
38,30.61149139,-96.34722002,8,856.75
40,30.65933664,-96.35483348,39,11599.72
46,30.61280835,-96.3442991,32,9888.98
39,30.61905656,-96.33931824,19,4639.47
46,30.61139885,-96.34710737,31,9578.08
37,30.61136935,-96.34710737,56,15915.24
30,30.60299013,-96.34708591,23,3704.55
41,30.61383028,-96.35083967,25,6215.83
35,30.6020594,-96.34627723,29,8063.01
40,30.66343371,-96.35276952,36,10520.38
40,30.6318346,-96.32240959,9,3915.82
45,30.61643738,-96.34360977,33,8193.5
46,30.6098539,-96.34690621,5,1154.68
46,30.61023477,-96.34608143,30,9415.73
37,30.5756,-96.3198,34,8793.53
46,30.61253745,-96.34302103,33,10014.86
37,30.58993447,-96.33811661,17,3780.08
33,30.60967017,-96.35287278,5,1923.33
35,30.59896413,-96.34425618,15,2774.87
35,30.59392292,-96.34204202,25,6927.76
32,30.61131973,-96.34713285,42,6940.84
35,30.61221827,-96.34569519,36,9658.87
41,30.60969029,-96.35291704,28,6852.63
37,30.58433536,-96.33764722,21,4441.62
45,30.61320264,-96.34478056,36,8602.13
41,30.61362509,-96.3508048,36,8740.12
39,30.61782408,-96.34111666,20,4859.32
32,30.60435001,-96.35855102,21,3596.55
29,30.61470736,-96.34495356,4,520.53
32,30.61381686,-96.34148144,46,7636.24
44,30.6111,-96.3585,25,3313.84
37,30.61353523,-96.34130173,60,16558.41
34,30.61381686,-96.34148144,55,7542.69
45,30.6192309,-96.34636574,7,1035.42
46,30.58988888,-96.34654143,20,6389.25
46,30.6097332,-96.34669968,29,9334.48
37,30.58437157,-96.33547731,41,12093.22
39,30.62122244,-96.33838617,7,1147.98
34,30.60247112,-96.35305517,35,5147.73
33,30.59777725,-96.39537507,27,9096.97
42,30.634575,-96.354625,27,6453.74
34,30.59918675,-96.35277354,15,2531.63
41,30.62016565,-96.337666,19,4465.86
30,30.60574341,-96.34960987,25,4094.28
33,30.6177007,-96.34538003,52,17549.1
35,30.61282847,-96.34430715,37,9807.93
41,30.61177436,-96.34943419,37,8983.99
33,30.61081011,-96.35419645,4,1744.25
41,30.6094,-96.3538,29,6943.02
30,30.6132,-96.3417,35,5599.98
41,30.61910484,-96.34461023,24,5380.13
33,30.5961,-96.3894,22,8297.83
35,30.610252,-96.346064,34,9332.32
41,30.60763437,-96.35781475,35,7795.36
38,30.61349634,-96.34486773,5,533.75
37,30.5997232,-96.3450823,13,2401.69
30,30.61464969,-96.34229012,2,203.23
34,30.61299745,-96.3445633,50,7150.85
35,30.60583729,-96.34976812,11,1835.26
32,30.60445864,-96.35922157,23,3684.44
35,30.60202185,-96.34632148,12,2372.3
34,30.60571659,-96.34963938,39,5649.81
41,30.61402474,-96.34167724,44,10005.08
35,30.61134923,-96.34732061,6,928.69
46,30.60585339,-96.34979495,8,1810.98
39,30.61375249,-96.35090672,24,6198.42
36,30.6285328,-96.30742945,1,143.33
33,30.5962,-96.3882,21,8182.51
33,30.62232885,-96.35866367,10,3971.65
47,30.61580572,-96.35272124,1,280.94
30,30.60947705,-96.34751507,11,1331.18
30,30.60691688,-96.34792008,26,4301.94
39,30.61615709,-96.34346761,1,292.33
34,30.59977952,-96.35224112,14,2448.37
41,30.61253209,-96.34310686,42,9733.15
41,30.6207,-96.3383,18,4381
37,30.6098539,-96.34690621,7,902.42
38,30.61266083,-96.34459682,25,4538.72
35,30.61271045,-96.34240948,39,9993.86
46,30.61022136,-96.34634562,4,1087.29
37,30.5744,-96.3184,35,8982.53
37,30.60582925,-96.34974935,10,1581.49
38,30.61380882,-96.35084235,12,1393.73
37,30.60186762,-96.34617933,11,2138.6
38,30.611769,-96.34941809,20,3948.46
38,30.61254281,-96.34521507,24,4478.16
40,30.63756112,-96.31966033,12,4663.99
33,30.61912898,-96.34463035,2,443.48
31,30.61866227,-96.33448087,4,669.62
30,30.60290161,-96.34710201,16,2367.97
34,30.61171133,-96.34682708,3,679.15
32,30.6098539,-96.34690621,5,957.57
44,30.6108,-96.3586,26,3348.52
44,30.60900364,-96.35953539,30,3658.41
30,30.60494143,-96.34899967,15,2077.59
39,30.6118736,-96.34960585,25,6441.46
30,30.6097332,-96.34669968,29,4774.53
33,30.5957884,-96.3896861,31,9820.93
35,30.59972454,-96.34510778,14,2657.51
34,30.61265279,-96.34249397,53,7361.48
32,30.60157124,-96.35759481,18,3271.07
33,30.6031524,-96.3785375,37,11304.62
35,30.60051579,-96.34565764,28,7881.54
33,30.61382625,-96.35091611,44,15391.14
31,30.61174754,-96.34948783,14,3087.97
40,30.6641,-96.3522,34,10415.47
31,30.6102616,-96.34635501,17,3525.72
46,30.58922905,-96.33385592,15,4301.34
40,30.6634,-96.3515,31,10260.44
33,30.62227119,-96.35866769,43,14195.28
37,30.60831029,-96.34616323,9,1141.45
39,30.61687995,-96.34252616,21,5030.13
36,30.61898146,-96.31862767,6,1651.34
30,30.6098539,-96.34690621,10,1259.46
35,30.5871718,-96.33296408,19,4483.94
42,30.61896402,-96.34448551,11,1772.05
34,30.6098539,-96.34690621,5,959.22
34,30.60954008,-96.347216,6,1004.98
37,30.61253209,-96.34520971,57,16138.02
38,30.614603,-96.342162,30,5039.11
30,30.60466517,-96.34193875,20,3052.39
38,30.61127413,-96.34724685,23,4238.1
40,30.6274331,-96.32779949,55,17906.81
40,30.6561837,-96.34343811,22,8209.22
44,30.613,-96.342,0,0
44,30.60818825,-96.35842629,13,2437.87
37,30.58572475,-96.33788191,19,4248.48
30,30.61568905,-96.34312429,3,343.59
46,30.60958568,-96.34724819,6,1198.93
31,30.6124087,-96.34830498,15,3222.85
45,30.61952997,-96.34675064,8,1085.01
33,30.61712269,-96.34453111,53,17652.62
33,30.61584461,-96.34858795,3,969.24
35,30.61251599,-96.34584942,5,737.37
30,30.60537059,-96.34346091,18,2811.3
34,30.59837404,-96.35383301,29,4587.26
29,30.61172742,-96.34955623,21,4028.16
41,30.62269766,-96.34064593,8,1413.97
37,30.6144,-96.342,61,16675.43
44,30.60767326,-96.35783084,12,2357.14
34,30.6062356,-96.34699472,43,6069.5
37,30.60059894,-96.34574481,12,2285.57
41,30.60959909,-96.35282584,30,7038.78
40,30.62780324,-96.33489393,57,18875.01
42,30.63799966,-96.36171602,24,5388.01
32,30.60932416,-96.34737023,39,6621.85
37,30.6144,-96.342,0,0
41,30.61640654,-96.34299554,2,331.07
34,30.60833979,-96.34592452,45,6408
46,30.60252208,-96.34672784,25,8219.64
32,30.59905264,-96.35264479,28,4787.38
40,30.66483248,-96.35454648,37,10750.61
42,30.63293699,-96.36386984,22,4599.22
31,30.61428223,-96.338759,1,8.17
40,30.6350385,-96.31944977,53,16744.09
35,30.61357547,-96.34132587,1,141.34
37,30.60957897,-96.34703629,53,15637.66
35,30.60835186,-96.34593122,31,9037.54
40,30.61909411,-96.34458341,5,904.51
45,30.61991889,-96.34572872,6,937.67
38,30.61288614,-96.34536796,7,621.4
38,30.614603,-96.342162,0,0
31,30.60490657,-96.34739973,23,4590.89
41,30.62780324,-96.3349516,16,3265.75
46,30.59986804,-96.34517886,10,2610.43
29,30.61195273,-96.34929874,9,1246.75
33,30.61081145,-96.35413476,49,16404.83
35,30.61132,-96.347133,35,9488.96
40,30.62728424,-96.32759564,8,3207.61
42,30.61922152,-96.34636574,13,2023.14
34,30.60839344,-96.34617128,7,1166.9
37,30.60954008,-96.34739705,8,960.9
44,30.6112,-96.3579,22,3230.94
34,30.59985597,-96.35671639,18,3013.08
38,30.61265279,-96.34379887,27,4625.8
33,30.6094,-96.3538,6,2016.95
32,30.60651321,-96.34691559,36,6150.08
33,30.61081011,-96.35416024,8,2293.12
40,30.6632,-96.3519,29,10216.22
45,30.62609334,-96.35584064,12,2369.35
37,30.61024148,-96.34608009,55,15755.99
33,30.59653137,-96.38401725,34,10396.25
32,30.59918675,-96.35277354,14,2578.13
45,30.61907399,-96.3445928,5,794.1
44,30.6096,-96.3601,28,3550.54
29,30.61781604,-96.3544982,12,2067.12
32,30.60328785,-96.35295861,31,5283.16
36,30.61420847,-96.33989491,14,4605.45
39,30.61402474,-96.34167724,0,0
42,30.63109431,-96.35456257,29,6848.57
30,30.60583461,-96.34977617,14,1953.63
45,30.62516797,-96.35677539,13,2505.59
39,30.62778849,-96.33495294,15,3263.64
50,30.61580572,-96.35272124,1,280.94
46,30.61271045,-96.34240948,0,0
45,30.617701,-96.34538,32,7973.56
29,30.61574001,-96.34316587,2,302.53
33,30.60512,-96.375765,14,6513.31
40,30.62767718,-96.33476921,6,2242.55
40,30.61687324,-96.34242826,4,582.99
41,30.61241541,-96.34829425,39,9116.76
36,30.62648226,-96.30979516,2,464.4
41,30.61683837,-96.34246581,22,5055.33
45,30.62481795,-96.35252812,25,6645.92
44,30.6086,-96.3607,17,2748.41
40,30.65578807,-96.3376955,21,7658.52
33,30.59612099,-96.39269688,29,9469.53
34,30.61168183,-96.34658836,49,6908.2
45,30.61577622,-96.3436661,34,8267.17
40,30.65949086,-96.35524385,24,9396.54
35,30.61343197,-96.34505146,4,610.16
30,30.61251733,-96.34300761,34,5453.72
39,30.612021,-96.348749,26,6525.02
36,30.61395232,-96.33967631,15,4640.77
33,30.60267631,-96.37902298,36,11234.23
34,30.59958372,-96.35206275,31,4804.78
32,30.61319727,-96.34160348,45,7566.41
44,30.61477173,-96.34235047,2,250.46
38,30.61208,-96.348655,21,4029.21
37,30.58484364,-96.33715906,20,4368.34
40,30.6320465,-96.32286288,54,17209.96
40,30.61584998,-96.34325035,2,438.24
45,30.63969079,-96.35824525,20,4774.68
45,30.62703211,-96.35845043,14,2767.43
38,30.61332468,-96.34518557,6,569.64
33,30.5969,-96.3955,26,8998.76
38,30.6067,-96.3566,17,2623.89
37,30.57702768,-96.31815963,33,8570.38
39,30.61772484,-96.34118237,3,572.29
35,30.60926516,-96.34735145,9,1232.79
30,30.61025891,-96.34608009,30,4857.74
44,30.6107,-96.3586,21,3143.94
45,30.6219225,-96.34930276,26,7091.61
46,30.58627728,-96.34522983,17,5732.96
37,30.58420393,-96.3318979,28,5422.26
37,30.59168596,-96.33878314,45,13040.03
39,30.6198344,-96.33806162,5,951.8
45,30.61636899,-96.34310149,3,399.72
33,30.60966078,-96.35278829,48,16223.36
40,30.63765097,-96.31996341,51,16438.68
36,30.62028769,-96.3217672,8,2025.56
42,30.62194932,-96.34926923,15,2434.37
34,30.60120378,-96.35825866,25,3989.62
45,30.61515395,-96.34466388,35,8385.01
40,30.66388164,-96.35339581,27,10042.25
34,30.60259718,-96.35777854,21,3338.51
41,30.61905656,-96.33931824,20,4666.24
34,30.60032401,-96.35199167,32,4887.32
45,30.62705088,-96.35511511,11,2242.33
37,30.56978572,-96.32357769,31,7445.28
34,30.60277153,-96.35315978,11,2093.71
35,30.61271045,-96.34240948,0,0
32,30.61301086,-96.34470143,43,7239.81
29,30.61282176,-96.34433263,26,4658.09
50,30.61779592,-96.35453307,0,0
30,30.61137874,-96.34733268,8,1032.8
45,30.6174,-96.3464,31,7870.44
37,30.584778,-96.336694,42,12218.06
31,30.61674584,-96.33518093,3,446.39
40,30.61476637,-96.3449321,62,20908.51
37,30.58982719,-96.33791008,44,12817.24
45,30.6345262,-96.36569106,18,3851.65
46,30.59631679,-96.34206482,12,3105.34
32,30.60036022,-96.35215529,13,2434.95
38,30.61596397,-96.34335228,2,189.28
46,30.588833,-96.33375,14,4256.18
46,30.60961652,-96.34703629,28,9299.77
45,30.62696505,-96.35517277,24,6298.25
32,30.60050506,-96.35209628,29,4957.09
41,30.62930126,-96.33976214,13,2610.99
33,30.6081346,-96.37409576,40,12039.78
35,30.59196625,-96.34420522,24,6627.61
44,30.6098,-96.36,20,2976.82
29,30.61563004,-96.34400271,3,383.49
35,30.60829822,-96.34612166,10,1392.09
40,30.63670684,-96.31929152,11,4562.72
37,30.59524257,-96.34065264,14,3055.45
46,30.59392292,-96.34204202,22,7010.69
45,30.62488098,-96.3524852,10,1893.94
33,30.600563,-96.380489,18,7213.25
40,30.63860986,-96.32144534,13,4870.64
41,30.62983234,-96.33913316,14,2695.25
38,30.6135701,-96.3508799,19,3704.33
31,30.62030915,-96.3358032,5,892.06
38,30.61258037,-96.34820037,9,1009.83
40,30.64003278,-96.32816293,16,5596.72
40,30.6177463,-96.34112873,59,20413.59
38,30.61430369,-96.34500452,4,443.09
31,30.60646761,-96.34680965,25,4778.01
38,30.61081011,-96.35422059,13,1857.85
45,30.6306142,-96.36182734,16,3279.97
30,30.60415421,-96.34233304,19,2984.23
41,30.61347488,-96.34130844,43,9934.53
37,30.59288356,-96.33803078,15,3418.23
44,30.6121311,-96.34953075,9,1173.79
30,30.61457727,-96.34498843,5,577.78
31,30.61362375,-96.33824267,28,6023.76
44,30.61240468,-96.34830632,36,5183.63
31,30.61180253,-96.340773,27,5708.31
44,30.6114753,-96.34721466,6,857.97
37,30.58575559,-96.33771964,43,12364.44
34,30.598193,-96.35448747,28,4521.51
44,30.6076223,-96.35783755,31,3881.85
33,30.61567429,-96.34862416,50,17159.62
33,30.6174,-96.3464,51,17446
29,30.61981294,-96.35634356,13,2350.63
51,30.61208,-96.348655,19,5002.64
51,30.613,-96.342,0,0
51,30.61240334,-96.34836533,20,5048.01
51,30.6147087,-96.34235584,2,257.93
51,30.61124194,-96.34716638,21,5220.64
51,30.61371896,-96.34126552,1,106.38
51,30.613,-96.342,24,5789.83
51,30.61141226,-96.34722137,4,856.15
51,30.61282042,-96.34426021,22,5549.29
51,30.61255757,-96.34811186,5,1009.28
51,30.61342392,-96.34496831,3,545.68
51,30.6121311,-96.34953075,7,1165.34
51,30.61244894,-96.34304382,23,5672.72
51,30.61385844,-96.35079943,8,1392.41
51,30.61199967,-96.34918206,6,1128.94
51,30.60772959,-96.35782682,9,2349.22
51,30.60924504,-96.36015095,10,2628.08
51,30.6086,-96.3607,11,2716.93
51,30.60834784,-96.35987871,12,2800.32
51,30.6113,-96.358,14,3194.58
51,30.60892049,-96.36004233,13,2865.85
51,30.60902912,-96.3596239,15,3490.88
51,30.61175425,-96.34941944,18,4921.06
51,30.60752842,-96.35769942,16,3739.24
51,30.61356474,-96.35078066,17,4681.43
52,30.58436621,-96.33761772,6,1292.73
53,30.62149469,-96.31559275,8,3201.65
54,30.61842624,-96.30817376,24,6376.53
54,30.61183873,-96.31842919,9,3106.11
55,30.60637776,-96.31628611,7,3105.34
56,30.61163086,-96.33755334,2,325.15
57,30.596066,-96.3365569,5,712.57
52,30.5817,-96.3364,8,1612.24
54,30.61882589,-96.30554118,14,4606.34
58,30.60461018,-96.33910366,20,7800.72
56,30.61081145,-96.31961875,34,7786.9
59,30.59521038,-96.32364609,16,5321.43
60,30.61144847,-96.3191896,4,750.15
61,30.58701489,-96.32266708,25,10076.25
61,30.61326835,-96.33813941,31,14093.54
55,30.61759722,-96.30206389,16,6020.96
58,30.59521038,-96.32364609,16,5295.3
56,30.61909545,-96.30518847,18,4660.35
62,30.62469188,-96.31197445,9,3703.98
54,30.6108785,-96.319431,8,2962.71
52,30.58590445,-96.33773976,23,9163.18
53,30.62394891,-96.3128113,9,3582.59
57,30.59458006,-96.3400089,0,0
56,30.62071148,-96.30452194,21,5193.36
52,30.5928259,-96.33790203,26,9970.44
56,30.61301891,-96.31547206,14,3430.07
54,30.61567832,-96.31268792,26,6919.29
52,30.58472,-96.336562,22,8989.93
52,30.58461834,-96.33305394,20,8643.58
61,30.58475379,-96.31308221,12,5878.44
61,30.57693381,-96.31353014,16,7065.78
54,30.6214853,-96.30359523,20,5677.41
63,30.61127279,-96.33661859,2,405.84
59,30.59107844,-96.33086928,19,6151.01
52,30.59198368,-96.33887433,2,396.32
57,30.61352316,-96.33832448,9,3067.46
64,30.58988888,-96.34654143,8,2901.07
55,30.61081681,-96.30970262,21,7220.42
58,30.59182811,-96.3293887,7,3393.79
52,30.58942619,-96.33775987,24,9554.52
53,30.62360022,-96.31085463,11,3856.32
57,30.61422322,-96.3398815,12,3301.42
52,30.59458006,-96.3400089,0,0
63,30.60401473,-96.34012022,4,1498.62
55,30.61550531,-96.2997476,13,5220.74
57,30.61381821,-96.33955025,13,3356.46
61,30.61391745,-96.33842774,0,0
61,30.60906667,-96.33419253,30,13493.16
62,30.62155906,-96.31565042,16,5918.65
53,30.62407229,-96.31282471,17,5511.16
55,30.60950387,-96.30657114,11,4287.7
62,30.61896402,-96.31851502,5,2811.59
56,30.60884539,-96.31954499,9,2747.35
60,30.60897414,-96.33458548,17,4330.99
54,30.61291564,-96.31598033,27,7359.04
53,30.62467176,-96.31193154,10,3698.9
63,30.61381821,-96.33955025,19,6111.12
58,30.59837539,-96.32332288,14,4792.25
54,30.61190713,-96.318511,28,7625.74
56,30.61467115,-96.32783972,5,1665.85
62,30.61843563,-96.3235911,3,2160.43
54,30.61081815,-96.32026516,30,7847.24
60,30.61374713,-96.33833252,12,3348.67
55,30.60881052,-96.31199994,22,7533.43
61,30.6090023,-96.3346874,4,952.62
52,30.5841,-96.3374,7,1328.91
52,30.61026562,-96.34614446,32,12536.3
64,30.58816556,-96.34855174,7,2629.69
61,30.58179397,-96.31003924,13,6317.65
60,30.61483879,-96.31361463,1,82.83
61,30.580612,-96.317001,20,8150.13
64,30.61025221,-96.34608277,18,5926.87
64,30.61135325,-96.34710871,19,6083.7
64,30.59392292,-96.34204202,10,3522.51
64,30.59458006,-96.3400089,0,0
52,30.5859353,-96.33791678,4,1082.17
64,30.59525598,-96.34059094,11,3725.5
56,30.61116684,-96.3236662,6,2223.46
61,30.583472,-96.315167,21,8513.15
59,30.59099529,-96.33090549,7,3254.19
52,30.6113841,-96.3470658,33,12688.65
56,30.61056334,-96.3210658,36,7930.36
52,30.56866187,-96.32505559,11,4077.8
61,30.58075729,-96.31117382,14,6475.92
56,30.60886148,-96.33431055,4,771.58
61,30.58522183,-96.31328203,22,8778.33
55,30.61463091,-96.32792019,3,1660.05
52,30.58434609,-96.33172758,19,8513.14
62,30.62064175,-96.32107117,4,2504.18
58,30.60898889,-96.33439772,21,8463.52
62,30.62677864,-96.30569943,11,4560.57
64,30.59975136,-96.34494283,13,4376.01
60,30.61283383,-96.31578453,2,387.29
56,30.61778922,-96.31010764,16,4168.01
58,30.59347097,-96.32667296,17,5643.41
55,30.6090479,-96.33462839,2,767.61
61,30.58804754,-96.327715,27,10599.63
55,30.61294649,-96.30481564,19,6696.36
53,30.61353389,-96.33929276,0,0
59,30.59182811,-96.3293887,8,3426.28
61,30.58755938,-96.31487124,23,9079.29
52,30.5744474,-96.31842114,16,5784.39
57,30.59287954,-96.33800127,2,269.49
62,30.627531,-96.30648531,12,4672.98
64,30.61283652,-96.3443219,20,6397.06
55,30.60711671,-96.31767147,6,2949.46
55,30.61436269,-96.33973934,0,0
58,30.59648175,-96.32164114,15,5057.11
55,30.61917726,-96.30028405,15,5776.43
56,30.62118087,-96.30536415,22,5289.31
54,30.6217723,-96.30594887,18,5369.69
54,30.61284188,-96.31584086,10,3377.58
60,30.61698858,-96.32517226,18,5597.28
62,30.61364654,-96.3382534,22,9012.14
52,30.60836125,-96.34595,29,12255.82
63,30.60903314,-96.3345211,3,725.49
56,30.61001751,-96.32173367,37,8018.44
62,30.62067259,-96.32091023,19,6598.03
64,30.599128,-96.344247,12,4279.95
62,30.62851537,-96.30732082,13,4808.43
53,30.62671158,-96.30568467,13,4541.59
54,30.61778922,-96.31010764,12,4154.09
54,30.62166635,-96.30336456,21,5707.26
52,30.58099601,-96.33572542,9,1713.65
55,30.60802329,-96.31283008,23,7651.56
57,30.60392622,-96.34006255,7,1648.4
62,30.61422054,-96.33996331,24,9247.5
62,30.61353389,-96.33929276,0,0
64,30.60573939,-96.34965681,14,5179.76
54,30.60853559,-96.31999828,6,2676.07
58,30.61148334,-96.3371671,2,489.86
59,30.60905058,-96.33451574,5,878.21
58,30.59682105,-96.32067152,11,4395.52
57,30.59466589,-96.33597084,4,547.2
52,30.61277483,-96.34434067,34,12991.64
60,30.6146859,-96.32775523,9,1836.26
60,30.61531622,-96.31427981,0,0
54,30.61420444,-96.33989089,39,10550.14
57,30.60909483,-96.33431323,8,2443.52
60,30.61421383,-96.33986943,14,3558.31
56,30.62176425,-96.30593546,23,5374.09
54,30.61616111,-96.31207772,11,3892.89
54,30.61837126,-96.30803429,13,4362.64
56,30.61466176,-96.33917608,42,10445.83
64,30.61254684,-96.34318196,21,6510.73
56,30.61419506,-96.33988418,43,10531.12
56,30.61133984,-96.33667224,3,415.41
58,30.5909175,-96.33087464,6,3219.31
54,30.61464298,-96.33916669,38,10465.46
59,30.60472686,-96.33919351,6,1534.7
59,30.59347097,-96.32667296,17,5669.54
52,30.6057461,-96.34964876,28,11798.02
54,30.60901973,-96.31937869,7,2756.1
61,30.58678288,-96.31456547,11,5612.04
59,30.59185091,-96.32947855,18,5992.69
52,30.57556,-96.3198,15,5603.6
56,30.60920615,-96.3343937,40,9685.51
56,30.61135325,-96.3190689,12,3036.77
64,30.5871946,-96.33300163,4,1074.21
54,30.6215604,-96.30318754,16,5030.69
61,30.61464298,-96.33921899,1,110.57
54,30.61116684,-96.3236662,4,2219.35
53,30.62060554,-96.32035368,21,6514.22
61,30.61149944,-96.33720197,3,585.43
62,30.62030647,-96.31709479,17,6114.74
54,30.60916457,-96.32093035,5,2562.8
56,30.61054725,-96.31949,11,2938.57
59,30.60468394,-96.33903392,20,7852.63
53,30.60889501,-96.33438431,1,697.18
60,30.61081815,-96.32026516,6,901.44
53,30.62648226,-96.30979516,16,5116.66
64,30.61271,-96.342409,22,6586.84
55,30.61436269,-96.33973934,32,11210.09
56,30.6139,-96.3397,0,0
58,30.59895877,-96.32254504,13,4693.57
53,30.62042315,-96.32176988,23,6659.62
63,30.60909483,-96.33433067,16,5169.53
60,30.6146403,-96.33916267,13,3475.76
60,30.61006714,-96.32170283,7,1062.28
56,30.6178442,-96.31020286,29,6571.55
64,30.59150222,-96.33653008,2,477.18
53,30.62072489,-96.32115029,22,6591.54
56,30.61616111,-96.31207772,15,3906.81
54,30.6211983,-96.30281605,15,4977.02
64,30.60837734,-96.34594061,15,5640.46
58,30.60481135,-96.33902453,4,1489.76
55,30.61465908,-96.33915596,31,11145.3
58,30.6124248,-96.33735486,22,8938.65
60,30.61077524,-96.31954365,5,832.27
59,30.60909483,-96.33429312,21,8520.32
61,30.58700282,-96.32236667,8,4580.22
56,30.60845781,-96.31992989,8,2690.69
54,30.61082888,-96.3196268,29,7786.18
53,30.62155906,-96.31565042,18,5899.75
53,30.62049825,-96.3209907,4,2516.43
55,30.61732922,-96.29805245,14,5480.27
55,30.60909349,-96.32046499,26,8574.62
61,30.5900203,-96.31638401,24,9388.68
58,30.61462019,-96.3390527,0,0
52,30.61250258,-96.34285473,35,13136.93
53,30.6199551,-96.32189326,3,2411.11
52,30.58437828,-96.33581125,21,8908.69
52,30.59965748,-96.34496026,27,10986.34
52,30.58484766,-96.33715503,5,1223.3
56,30.61842624,-96.30817376,28,6367.02
54,30.6139,-96.3397,0,0
52,30.6144,-96.342,37,13436.43
56,30.62261853,-96.30486794,24,5513.49
62,30.61907131,-96.31849625,18,6306.57
55,30.60916457,-96.32093035,5,2563.56
59,30.59565563,-96.32273682,10,4191.61
56,30.61837126,-96.30803429,17,4376.56
62,30.62648226,-96.30979516,14,5135.56
54,30.61127279,-96.32345565,33,8234.92
56,30.6211688,-96.30280666,19,4984.32
56,30.61127279,-96.32345565,38,8234.26
54,30.60999337,-96.32172697,32,8016.88
60,30.61127279,-96.32345565,8,1276.87
63,30.60392488,-96.33999281,15,4380.05
54,30.61147798,-96.3372583,1,356.31
53,30.61824653,-96.32375204,2,2151.03
62,30.62298466,-96.30998291,10,3972.78
54,30.61053518,-96.32104166,31,7927.88
54,30.60886148,-96.33441784,2,754.21
62,30.60929332,-96.33434006,21,8400.54
53,30.62018443,-96.31999962,5,2617.41
62,30.61150212,-96.33722477,1,300.14
54,30.61480794,-96.32790678,34,8814.15
52,30.61359156,-96.34133258,36,13326.23
59,30.59896279,-96.32253029,13,4718.12
56,30.61190713,-96.318511,32,7619.62
62,30.61467383,-96.33915328,23,9155.1
55,30.61149407,-96.33724623,1,398.06
54,30.61471004,-96.3278357,3,1658.98
58,30.59543032,-96.32321157,9,4107.46
59,30.61353121,-96.33832582,22,9146.22
63,30.59810582,-96.33750774,6,2201.33
54,30.60913641,-96.33432128,35,9693.63
53,30.61920006,-96.31849491,20,6277.61
52,30.58941413,-96.3379369,3,695.6
54,30.61352584,-96.33833655,36,10314.4
64,30.60957897,-96.3470202,16,5809.25
53,30.6135473,-96.33832984,25,9003.78
61,30.58770288,-96.32856794,28,10689.76
54,30.6139,-96.3397,40,10588.58
55,30.61467249,-96.32776194,28,9508.23
63,30.59395242,-96.33931421,9,2826.29
59,30.61462019,-96.3390527,0,0
54,30.61380882,-96.3383808,37,10346.13
61,30.61422188,-96.33987882,2,189.13
63,30.61426479,-96.340025,18,6043.86
63,30.59465382,-96.3359467,12,3279.48
55,30.61116684,-96.3236662,4,2220.11
58,30.59376467,-96.32605337,8,3778.61
58,30.61462019,-96.3390527,23,9231.7
61,30.60468662,-96.3391801,5,1596.51
56,30.61302829,-96.33796506,41,10230.52
59,30.61462019,-96.3390527,23,9285.77
63,30.596066,-96.3365569,13,3446.9
60,30.6139,-96.3397,15,3596.76
63,30.59523318,-96.3406124,8,2637.42
53,30.61353389,-96.33929276,28,9334.9
64,30.5889,-96.3337,3,873.28
55,30.61587412,-96.30361133,17,6262.95
61,30.58665413,-96.32439174,26,10246.03
58,30.61420444,-96.33987882,1,91.52
56,30.61263803,-96.33850553,1,180.87
56,30.61476368,-96.32790812,39,8810.26
61,30.60464773,-96.33899771,29,12820.62
56,30.60945291,-96.3193854,10,2816.56
63,30.60151894,-96.33892932,5,1798.43
53,30.61466578,-96.33921497,26,9154.15
52,30.57242233,-96.32060044,17,6091.16
62,30.62149469,-96.31559275,7,3208.06
55,30.606501,-96.316222,25,8076.97
62,30.61745394,-96.32489332,20,7120.52
59,30.59683043,-96.32072516,11,4424.13
56,30.62151346,-96.30314999,20,5034.76
56,30.6139,-96.3397,44,10568.34
56,30.60916457,-96.32093035,7,2566.91
59,30.59376467,-96.32605337,9,3811.1
63,30.59286881,-96.33800798,10,2999.81
53,30.61902035,-96.31849491,6,2810.9
62,30.61353389,-96.33929276,25,9347.17
55,30.61127279,-96.32345565,27,8949.38
52,30.56882549,-96.32501938,18,6672.96
53,30.61421249,-96.33992173,27,9238.44
55,30.60920078,-96.33435347,29,10384.05
62,30.62002222,-96.31725833,6,2979.72
63,30.61381821,-96.33955025,0,0
55,30.60619805,-96.31344028,8,3378.24
60,30.61531622,-96.31427981,20,7051.82
58,30.60905192,-96.33458816,3,855.68
55,30.61214167,-96.30358611,12,4696.86
56,30.61147664,-96.31925129,33,7705.06
61,30.57535533,-96.31526955,18,7307.58
53,30.62030647,-96.31709479,19,6095.84
56,30.61915446,-96.3052515,27,6076.09
60,30.6125455,-96.33839287,16,3792.41
64,30.59196625,-96.34420522,9,3222.36
58,30.59185091,-96.32947855,18,5966.56
62,30.60899828,-96.33441382,2,687.02
56,30.62149066,-96.30364083,25,5685.18
59,30.61465505,-96.33915999,1,10.97
52,30.60957093,-96.34699472,30,12423.31
52,30.58422941,-96.33185231,10,2229.76
55,30.612138,-96.306834,20,6909.27
53,30.62302355,-96.31002047,12,3958.64
64,30.59395242,-96.33931421,1,96.33
60,30.60921017,-96.33428507,10,2708.15
56,30.61081815,-96.32026516,35,7848.72
61,30.58952544,-96.33007803,6,3492.87
62,30.62407229,-96.31282471,15,5530.06
62,30.62394891,-96.3128113,8,3589
58,30.59117902,-96.33070969,19,6106
55,30.61466578,-96.30555861,18,6492.53
61,30.58982719,-96.31643095,9,5228.98
64,30.6097332,-96.34669968,17,5844.37
64,30.58673594,-96.33791008,5,1546.5
53,30.627531,-96.30648531,14,4660.55
56,30.61567832,-96.31268792,30,6909.78
64,30.5863202,-96.34543636,6,2267.94
52,30.59289027,-96.33802541,1,266.93
63,30.59396315,-96.3367527,11,3170.7
53,30.62847916,-96.30736508,15,4795.37
59,30.59840489,-96.32325583,14,4811.17
54,30.6178442,-96.31020286,25,6581.06
60,30.61347622,-96.33830436,11,3318.45
58,30.59565563,-96.32273682,10,4159.31
58,30.5975,-96.32116389,12,4484.46
63,30.60164098,-96.338932,14,4106.73
55,30.60504604,-96.31148361,9,3604.97
61,30.57884354,-96.31930627,19,7854.74
63,30.61472077,-96.3391573,17,5946.63
61,30.61391745,-96.33842774,32,14170.76
55,30.60639921,-96.31399416,24,7863.6
61,30.58743734,-96.31507241,10,5524.63
56,30.61304573,-96.31559275,31,7313.2
59,30.59645492,-96.32158347,15,5080.5
61,30.58484766,-96.32659115,7,4110.48
58,30.59580315,-96.33380361,5,2608.39
60,30.62071953,-96.32088744,19,6180.18
54,30.62071148,-96.30452194,17,5189.37
52,30.6097332,-96.34669968,31,12456.8
57,30.59395242,-96.33931421,1,96.33
55,30.61362106,-96.33837544,30,11007.91
53,30.60922492,-96.33441918,24,8395.04
57,30.59396315,-96.3367527,3,439.08
52,30.57251353,-96.32040732,12,4695.02
59,30.61422724,-96.33989491,2,95.82
57,30.60164098,-96.338932,6,1372.4
54,30.62257294,-96.30492159,19,5502.22
56,30.61183873,-96.31842919,13,3118.34
57,30.61464701,-96.33916133,11,3217.99
57,30.61390135,-96.33846127,10,3111.47
59,30.6115732,-96.33744203,3,472.65
55,30.60565222,-96.31079294,10,3699.31
56,30.62119294,-96.30294212,26,5759.74
54,30.6212439,-96.30299308,22,5766.13
61,30.57575095,-96.31485247,17,7248.21
61,30.57782162,-96.31449037,15,6930.98
54,30.61895061,-96.30556263,23,6120.13
60,30.61190713,-96.318511,3,667.63
52,30.57584081,-96.31683328,13,5198.62
52,30.577,-96.3182,14,5382.16
63,30.61174486,-96.33767672,1,291.86
59,30.5975,-96.32116389,12,4509.55
53,30.62002222,-96.31725833,7,2973.31
63,30.59731323,-96.3384264,7,2325.74
52,30.59191931,-96.33867987,25,9845.2
59,30.61131302,-96.33662798,4,555.7
